Original,Predicted
126.0,92.53875
104.2,105.613144
112.9,100.80962
41.0,94.543655
98.4,119.22973
120.7,82.38499
84.3,99.27337
123.5,113.44498
