Original,Predicted
54.3,121.96672
124.2,119.04638
119.3,111.01644
138.9,126.99385
94.5,102.61273
0.0,120.033554
63.9,121.21344
80.5,101.291084
115.6,102.362625
124.7,97.09139
0.0,88.09027
83.8,109.77913
116.3,96.12977
56.8,113.22131
95.5,94.13474
79.0,73.04909
65.8,97.53592
124.1,91.37692
42.099999999999994,100.23158
110.5,114.61652
120.5,68.75695
