Original,Predicted
90.4,101.53089
92.6,115.14354
82.5,109.91288
105.0,90.73378
138.9,95.12985
90.6,104.04015
