Original,Predicted
122.4,111.80742
108.9,109.353134
105.5,103.59748
40.0,135.40434
130.8,100.39662
114.3,122.654884
125.0,104.34341
250.0,101.46956
100.0,99.0511
59.2,114.46928
112.5,105.342575
75.0,110.747574
166.7,105.05481
100.0,85.56634
128.9,109.75568
101.5,97.874275
100.0,106.5301
28.599999999999994,118.781746
104.0,104.739
