Original,Predicted
0.0,119.75637
136.7,111.36842
125.7,86.985374
88.2,120.81327
