Original,Predicted
122.0,129.11589
107.3,117.88247
112.4,119.29069
28.599999999999994,119.56308
87.2,112.903305
117.8,109.85841
28.599999999999994,122.86657
0.0,111.74899
100.0,106.59055
0.0,93.666016
114.2,104.31522
110.1,84.186325
145.4,108.87021
119.7,77.79172
0.0,105.45177
141.7,115.01624
66.7,92.563194
50.8,97.107346
153.1,101.105865
0.0,88.90694
180.0,113.07039
63.6,91.5474
0.0,128.16797
59.7,102.19635
84.6,87.94624
96.8,107.024765
76.3,90.34993
100.0,89.666756
104.2,112.795
