Original,Predicted
115.6,93.8016
113.6,91.109985
220.0,105.957146
75.0,124.292534
96.6,119.73952
133.3,118.00147
102.5,121.40974
91.2,109.68292
57.099999999999994,117.370544
0.0,124.566925
101.2,115.08126
138.3,100.359116
101.4,126.219315
0.0,97.12365
100.0,108.58686
125.0,108.03796
103.1,109.05131
88.8,99.27626
0.0,104.9889
102.0,94.77832
60.0,100.19333
