Original,Predicted
87.4,107.05033
106.6,109.98185
93.9,102.23476
130.3,73.719666
104.6,112.0884
90.8,107.563896
115.7,108.33906
114.9,98.99062
77.8,119.217415
