Original,Predicted
116.1,117.1076
114.1,93.211945
123.6,97.79875
100.0,102.65269
0.0,104.440506
118.2,115.764656
121.1,92.01194
143.1,98.637596
