Original,Predicted
102.0,93.19226
87.2,101.08674
200.0,101.03012
