Original,Predicted
94.5,118.52337
103.3,101.28725
130.9,139.16269
66.7,101.47528
130.8,109.14464
94.5,100.25543
107.3,116.76989
112.8,98.50794
125.0,106.32299
110.4,103.40365
125.0,102.592285
116.3,102.16858
250.0,113.2614
82.0,91.01544
100.0,123.62227
59.2,101.47164
146.1,123.55122
120.4,97.597755
57.099999999999994,112.54738
121.5,100.269196
83.3,104.736885
50.0,101.5226
113.6,120.64594
66.7,91.56253
112.5,99.39288
114.7,78.42305
