Original,Predicted
200.0,105.17048
87.2,83.29396
40.0,127.81739
110.1,105.47005
86.6,115.22549
0.0,113.996124
115.8,90.31165
86.0,104.60795
100.7,119.44958
69.0,78.99664
