Original,Predicted
115.7,87.643394
79.4,101.0352
90.4,117.87299
134.9,99.96333
110.6,116.661
78.7,100.143295
72.1,101.47037
131.9,112.86977
