Original,Predicted
96.9,105.24586
159.8,89.414925
108.7,100.40737
157.3,104.74646
100.8,94.94426
115.3,133.29602
75.0,93.34175
111.5,123.26721
120.0,102.558716
107.4,93.14703
