Original,Predicted
150.0,97.29188
0.0,101.79266
100.0,101.450745
200.0,88.58471
99.1,107.572525
