Original,Predicted
81.5,106.042274
101.2,101.84709
81.4,114.16563
34.0,112.802475
154.6,115.96962
