Original,Predicted
114.3,99.95839
250.0,107.04945
133.3,89.03909
133.3,129.09254
33.3,94.77049
106.0,132.404
