Original,Predicted
101.1,98.78314
73.5,96.25899
82.0,99.41053
189.1,92.80498
92.2,94.596985
79.5,113.96769
