Original,Predicted
112.7,96.7879
137.5,97.10323
121.5,67.11248
86.5,104.98173
83.2,89.65032
136.2,89.0241
115.9,113.56675
72.7,112.845
123.7,91.23801
96.9,109.646065
113.5,117.54712
163.0,114.26329
28.599999999999994,118.0337
83.3,115.587944
166.7,101.332146
105.7,121.2794
118.9,111.84496
83.3,101.51992
132.3,124.757935
72.7,106.85733
114.2,117.166534
83.5,119.93653
128.7,103.28267
91.0,99.65978
141.2,128.72874
