Original,Predicted
105.0,112.688774
106.8,104.72091
