Original,Predicted
77.6,97.09581
101.5,106.66116
114.6,101.92555
104.5,113.347664
112.3,95.44277
157.8,108.45199
92.3,99.25768
168.7,109.00315
140.5,94.20325
100.8,137.11203
94.5,106.050224
141.2,123.07477
25.799999999999997,119.27601
81.3,118.78337
71.7,95.950226
98.4,129.08882
98.8,77.24924
