Original,Predicted
70.0,104.338036
33.3,114.278015
127.1,98.909
83.3,132.63043
82.0,91.80877
74.8,99.49471
