Original,Predicted
120.4,107.01812
113.1,90.789635
105.3,102.54892
84.2,120.030205
99.7,112.27502
