Original,Predicted
100.9,97.819534
150.0,135.74643
0.0,90.91227
83.3,119.011086
120.5,93.721375
68.5,100.64985
110.3,99.75407
0.0,118.13385
153.1,106.556816
