Original,Predicted
112.3,111.06129
101.2,107.00174
149.1,102.351524
0.0,119.0522
104.7,126.833275
100.1,97.24295
52.00000000000001,112.03667
