Original,Predicted
81.9,75.55771
137.7,113.797264
130.1,106.99885
84.9,99.08276
115.5,115.04142
125.8,107.42586
126.2,101.52078
