Original,Predicted
128.4,112.231766
81.5,91.44705
