Original,Predicted
92.3,121.38479
110.2,93.481285
165.4,113.957954
133.3,102.40398
0.0,106.912476
