Original,Predicted
72.7,94.560036
59.2,117.27244
150.0,103.94131
136.1,114.39723
73.8,109.38216
