Original,Predicted
128.6,105.322716
108.7,97.94857
