Original,Predicted
101.7,112.95012
50.0,92.36155
