Original,Predicted
0.0,113.777794
123.7,108.74429
100.0,102.73716
106.6,126.57536
102.7,73.92523
114.2,110.674614
61.5,96.087105
