Original,Predicted
50.0,88.15934
166.2,98.60877
100.0,91.345055
0.0,117.475105
177.7,92.99484
114.3,117.55095
96.8,104.078896
