Original,Predicted
0.0,116.04175
155.0,115.88143
138.9,110.32816
153.1,103.35929
0.0,101.11735
0.0,112.57485
75.0,110.07105
