Original,Predicted
94.2,120.382774
97.0,108.83512
60.0,121.46167
76.9,99.27199
137.3,102.52236
145.8,88.506615
110.8,93.145195
97.6,107.54512
137.6,109.039314
87.2,97.79591
117.7,107.2235
75.0,100.774994
124.0,102.79892
93.7,88.00711
125.6,117.40542
65.8,106.72074
106.5,112.7331
126.6,90.988686
90.1,115.73138
184.4,92.890045
38.099999999999994,101.48185
90.9,106.345695
114.2,97.31955
158.8,108.70849
95.4,97.2266
