Original,Predicted
133.3,118.52031
68.0,94.69528
200.0,96.247
152.3,83.69452
