Original,Predicted
117.5,112.7919
123.0,111.2589
108.1,85.13392
99.2,121.319725
109.7,130.3272
126.8,109.10135
82.3,111.468216
44.3,107.60334
86.1,113.28164
108.2,102.3115
78.3,102.77162
56.10000000000001,100.22398
91.4,98.84425
129.8,92.81379
135.8,93.341194
98.6,101.07642
116.1,99.22418
108.2,87.57478
